,pid,model,price,country_code,country,region,income group,scraped_date,model_en,price2,price_local_currency,Currency CodeA,X,USD_Normalized
0,1,iPhone SE,From A$679,AU,Australia,East Asia & Pacific,High income,2022-01-02 21:52:06.630535,iPhone SE,679,679.0,AUD,1.3861900568008425,489.8318211624235
1,2,iPhone 12,From A$999,AU,Australia,East Asia & Pacific,High income,2022-01-02 21:52:06.630535,iPhone 12,999,999.0,AUD,1.3861900568008425,720.6803966734332
2,4,AirPods Pro,A$399,AU,Australia,East Asia & Pacific,High income,2022-01-02 21:52:06.630535,AirPods Pro,399,399.0,AUD,1.3861900568008425,287.83931759029014
3,5,AirPods(2nd generation),A$219,AU,Australia,East Asia & Pacific,High income,2022-01-02 21:52:06.630535,AirPods(2nd generation),219,219.0,AUD,1.3861900568008425,157.98699386534722
4,7,Apple TV 4K,A$249,AU,Australia,East Asia & Pacific,High income,2022-01-02 21:52:06.630535,Apple TV 4K,249,249.0,AUD,1.3861900568008425,179.62904781950436
5,8,Apple Watch SE,From A$429,AU,Australia,East Asia & Pacific,High income,2022-01-02 21:52:06.630535,Apple Watch SE,429,429.0,AUD,1.3861900568008425,309.48137154444726
6,9,Apple Watch Series 3,From A$299,AU,Australia,East Asia & Pacific,High income,2022-01-02 21:52:06.630535,Apple Watch Series 3,299,299.0,AUD,1.3861900568008425,215.6991377430996
7,10,Sport Band,A$69,AU,Australia,East Asia & Pacific,High income,2022-01-02 21:52:06.630535,Sport Band,69,69.0,AUD,1.3861900568008425,49.77672409456145
8,11,iPad,From A$499,AU,Australia,East Asia & Pacific,High income,2022-01-02 21:52:06.630535,iPad,499,499.0,AUD,1.3861900568008425,359.97949743748063
9,12,iPad Pro,"From A$1,199",AU,Australia,East Asia & Pacific,High income,2022-01-02 21:52:06.630535,iPad Pro,"1,199",1199.0,AUD,1.3861900568008425,864.9607563678142
10,13,Apple Pencil (2nd generation),A$199,AU,Australia,East Asia & Pacific,High income,2022-01-02 21:52:06.630535,Apple Pencil (2nd generation),199,199.0,AUD,1.3861900568008425,143.55895789590912
11,14,24-inch iMac²,"From A$1,899",AU,Australia,East Asia & Pacific,High income,2022-01-02 21:52:06.630535,24-inch iMac,"1,899",1899.0,AUD,1.3861900568008425,1369.9420152981477
12,15,MacBook Air,"From A$1,499",AU,Australia,East Asia & Pacific,High income,2022-01-02 21:52:06.630535,MacBook Air,"1,499",1499.0,AUD,1.3861900568008425,1081.3812959093857
13,16,Magic Mouse,A$109,AU,Australia,East Asia & Pacific,High income,2022-01-02 21:52:06.630535,Magic Mouse,109,109.0,AUD,1.3861900568008425,78.63279603343766
14,1,iPhone SE,Ab 479 €,AT,Austria,Europe & Central Asia,High income,2022-01-02 21:52:07.703491,iPhone SE,479,479.0,EUR,0.8845999836921692,541.4876880290409
15,2,iPhone 12,Ab 679 €,AT,Austria,Europe & Central Asia,High income,2022-01-02 21:52:07.703491,iPhone 12,679,679.0,EUR,0.8845999836921692,767.5785807342772
16,4,AirPods Pro,279 €,AT,Austria,Europe & Central Asia,High income,2022-01-02 21:52:07.703491,AirPods Pro,279,279.0,EUR,0.8845999836921692,315.3967953238046
17,5,AirPods(2. Generation),149 €,AT,Austria,Europe & Central Asia,High income,2022-01-02 21:52:07.703491,AirPods(2nd generation),149,149.0,EUR,0.8845999836921692,168.43771506540105
18,8,Apple TV 4K,199 €,AT,Austria,Europe & Central Asia,High income,2022-01-02 21:52:07.703491,Apple TV 4K,199,199.0,EUR,0.8845999836921692,224.9604382417101
19,9,Apple Watch SE,Ab 299 €,AT,Austria,Europe & Central Asia,High income,2022-01-02 21:52:07.703491,Apple Watch SE,299,299.0,EUR,0.8845999836921692,338.0058845943283
20,10,Apple Watch Series 3,Ab 219 €,AT,Austria,Europe & Central Asia,High income,2022-01-02 21:52:07.703491,Apple Watch Series 3,219,219.0,EUR,0.8845999836921692,247.56952751223375
21,11,Sportarmband,49 €,AT,Austria,Europe & Central Asia,High income,2022-01-02 21:52:07.703491,Sport Band,49,49.0,EUR,0.8845999836921692,55.392268712782894
22,12,iPad,Ab 379 €,AT,Austria,Europe & Central Asia,High income,2022-01-02 21:52:07.703491,iPad,379,379.0,EUR,0.8845999836921692,428.4422416764228
23,13,iPad Pro,Ab 879 €,AT,Austria,Europe & Central Asia,High income,2022-01-02 21:52:07.703491,iPad Pro,879,879.0,EUR,0.8845999836921692,993.6694734395135
24,14,Apple Pencil (2. Generation),135 €,AT,Austria,Europe & Central Asia,High income,2022-01-02 21:52:07.703491,Apple Pencil (2nd generation),135,135.0,EUR,0.8845999836921692,152.6113525760345
25,15,"24"" iMac²",Ab 1.449 €,AT,Austria,Europe & Central Asia,High income,2022-01-02 21:52:07.703491,24-inch iMac,1.449,1449.0,EUR,0.8845999836921692,1638.028517649437
26,16,MacBook Air,Ab 1.129 €,AT,Austria,Europe & Central Asia,High income,2022-01-02 21:52:07.703491,MacBook Air,1.129,1129.0,EUR,0.8845999836921692,1276.283089321059
27,17,Magic Mouse,85 €,AT,Austria,Europe & Central Asia,High income,2022-01-02 21:52:07.703491,Magic Mouse,85,85.0,EUR,0.8845999836921692,96.08862939972542
28,1,iPhone SE,Ab 479 €,DE,Germany,Europe & Central Asia,High income,2022-01-02 21:52:14.030932,iPhone SE,479,479.0,EUR,0.8845999836921692,541.4876880290409
29,2,iPhone 12,Ab 679 €,DE,Germany,Europe & Central Asia,High income,2022-01-02 21:52:14.030932,iPhone 12,679,679.0,EUR,0.8845999836921692,767.5785807342772
30,4,AirPods Pro,279 €,DE,Germany,Europe & Central Asia,High income,2022-01-02 21:52:14.030932,AirPods Pro,279,279.0,EUR,0.8845999836921692,315.3967953238046
31,5,AirPods(2. Generation),149 €,DE,Germany,Europe & Central Asia,High income,2022-01-02 21:52:14.030932,AirPods(2nd generation),149,149.0,EUR,0.8845999836921692,168.43771506540105
32,7,Apple TV 4K,199 €,DE,Germany,Europe & Central Asia,High income,2022-01-02 21:52:14.030932,Apple TV 4K,199,199.0,EUR,0.8845999836921692,224.9604382417101
33,8,Apple Watch SE,Ab 299 €,DE,Germany,Europe & Central Asia,High income,2022-01-02 21:52:14.030932,Apple Watch SE,299,299.0,EUR,0.8845999836921692,338.0058845943283
34,9,Apple Watch Series 3,Ab 219 €,DE,Germany,Europe & Central Asia,High income,2022-01-02 21:52:14.030932,Apple Watch Series 3,219,219.0,EUR,0.8845999836921692,247.56952751223375
35,10,Sportarmband,49 €,DE,Germany,Europe & Central Asia,High income,2022-01-02 21:52:14.030932,Sport Band,49,49.0,EUR,0.8845999836921692,55.392268712782894
36,11,iPad,Ab 379 €,DE,Germany,Europe & Central Asia,High income,2022-01-02 21:52:14.030932,iPad,379,379.0,EUR,0.8845999836921692,428.4422416764228
37,12,iPad Pro,Ab 879 €,DE,Germany,Europe & Central Asia,High income,2022-01-02 21:52:14.030932,iPad Pro,879,879.0,EUR,0.8845999836921692,993.6694734395135
38,13,Apple Pencil (2. Generation),135 €,DE,Germany,Europe & Central Asia,High income,2022-01-02 21:52:14.030932,Apple Pencil (2nd generation),135,135.0,EUR,0.8845999836921692,152.6113525760345
39,14,"24"" iMac²",Ab 1.449 €,DE,Germany,Europe & Central Asia,High income,2022-01-02 21:52:14.030932,24-inch iMac,1.449,1449.0,EUR,0.8845999836921692,1638.028517649437
40,15,MacBook Air,Ab 1.129 €,DE,Germany,Europe & Central Asia,High income,2022-01-02 21:52:14.030932,MacBook Air,1.129,1129.0,EUR,0.8845999836921692,1276.283089321059
41,16,Magic Mouse,85 €,DE,Germany,Europe & Central Asia,High income,2022-01-02 21:52:14.030932,Magic Mouse,85,85.0,EUR,0.8845999836921692,96.08862939972542
42,1,iPhone SE,Desde 489 €,ES,Spain,Europe & Central Asia,High income,2022-01-02 21:52:16.456271,iPhone SE,489,489.0,EUR,0.8845999836921692,552.7922326643028
43,2,iPhone 12,Desde 689 €,ES,Spain,Europe & Central Asia,High income,2022-01-02 21:52:16.456271,iPhone 12,689,689.0,EUR,0.8845999836921692,778.883125369539
44,4,AirPods Pro,279 €,ES,Spain,Europe & Central Asia,High income,2022-01-02 21:52:16.456271,AirPods Pro,279,279.0,EUR,0.8845999836921692,315.3967953238046
45,5,AirPods(2.ª generación),149 €,ES,Spain,Europe & Central Asia,High income,2022-01-02 21:52:16.456271,AirPods(2nd generation),149,149.0,EUR,0.8845999836921692,168.43771506540105
46,7,Apple TV 4K,199 €,ES,Spain,Europe & Central Asia,High income,2022-01-02 21:52:16.456271,Apple TV 4K,199,199.0,EUR,0.8845999836921692,224.9604382417101
47,9,Apple Watch SE,Desde 299 €,ES,Spain,Europe & Central Asia,High income,2022-01-02 21:52:16.456271,Apple Watch SE,299,299.0,EUR,0.8845999836921692,338.0058845943283
48,10,Apple Watch Series 3,Desde 219 €,ES,Spain,Europe & Central Asia,High income,2022-01-02 21:52:16.456271,Apple Watch Series 3,219,219.0,EUR,0.8845999836921692,247.56952751223375
49,11,Correa deportiva,49 €,ES,Spain,Europe & Central Asia,High income,2022-01-02 21:52:16.456271,Sport Band,49,49.0,EUR,0.8845999836921692,55.392268712782894
50,12,iPad,Desde 379 €,ES,Spain,Europe & Central Asia,High income,2022-01-02 21:52:16.456271,iPad,379,379.0,EUR,0.8845999836921692,428.4422416764228
51,13,iPad Pro,Desde 879 €,ES,Spain,Europe & Central Asia,High income,2022-01-02 21:52:16.456271,iPad Pro,879,879.0,EUR,0.8845999836921692,993.6694734395135
52,14,Apple Pencil (2.ª generación),135 €,ES,Spain,Europe & Central Asia,High income,2022-01-02 21:52:16.456271,Apple Pencil (2nd generation),135,135.0,EUR,0.8845999836921692,152.6113525760345
53,15,iMac de 24 pulgadas²,Desde 1.449 €,ES,Spain,Europe & Central Asia,High income,2022-01-02 21:52:16.456271,24-inch iMac,1.449,1449.0,EUR,0.8845999836921692,1638.028517649437
54,16,MacBook Air,Desde 1.129 €,ES,Spain,Europe & Central Asia,High income,2022-01-02 21:52:16.456271,MacBook Air,1.129,1129.0,EUR,0.8845999836921692,1276.283089321059
55,17,Magic Mouse,85 €,ES,Spain,Europe & Central Asia,High income,2022-01-02 21:52:16.456271,Magic Mouse,85,85.0,EUR,0.8845999836921692,96.08862939972542
56,1,iPhone SE,Alkaen 499 €,FI,Finland,Europe & Central Asia,High income,2022-01-02 21:52:18.126048,iPhone SE,499,499.0,EUR,0.8845999836921692,564.0967772995646
57,2,iPhone 12,Alkaen 709 €,FI,Finland,Europe & Central Asia,High income,2022-01-02 21:52:18.126048,iPhone 12,709,709.0,EUR,0.8845999836921692,801.4922146400627
58,4,AirPods Pro,279 €,FI,Finland,Europe & Central Asia,High income,2022-01-02 21:52:18.126048,AirPods Pro,279,279.0,EUR,0.8845999836921692,315.3967953238046
59,5,AirPods(2. sukupolvi),149 €,FI,Finland,Europe & Central Asia,High income,2022-01-02 21:52:18.126048,AirPods(2nd generation),149,149.0,EUR,0.8845999836921692,168.43771506540105
60,7,Apple TV 4K,199 €,FI,Finland,Europe & Central Asia,High income,2022-01-02 21:52:18.126048,Apple TV 4K,199,199.0,EUR,0.8845999836921692,224.9604382417101
61,8,Apple Watch SE,Alkaen 309 €,FI,Finland,Europe & Central Asia,High income,2022-01-02 21:52:18.126048,Apple Watch SE,309,309.0,EUR,0.8845999836921692,349.31042922959006
62,9,Apple Watch Series 3,Alkaen 229 €,FI,Finland,Europe & Central Asia,High income,2022-01-02 21:52:18.126048,Apple Watch Series 3,229,229.0,EUR,0.8845999836921692,258.87407214749555
63,10,Urheiluranneke,49 €,FI,Finland,Europe & Central Asia,High income,2022-01-02 21:52:18.126048,Sport Band,49,49.0,EUR,0.8845999836921692,55.392268712782894
64,11,iPad,Alkaen 399 €,FI,Finland,Europe & Central Asia,High income,2022-01-02 21:52:18.126048,iPad,399,399.0,EUR,0.8845999836921692,451.0513309469464
65,12,iPad Pro,Alkaen 909 €,FI,Finland,Europe & Central Asia,High income,2022-01-02 21:52:18.126048,iPad Pro,909,909.0,EUR,0.8845999836921692,1027.583107345299
66,13,Apple Pencil (2. sukupolvi),135 €,FI,Finland,Europe & Central Asia,High income,2022-01-02 21:52:18.126048,Apple Pencil (2nd generation),135,135.0,EUR,0.8845999836921692,152.6113525760345
67,14,24 tuuman iMac²,Alkaen 1 499 €,FI,Finland,Europe & Central Asia,High income,2022-01-02 21:52:18.126048,24-inch iMac,1499,1499.0,EUR,0.8845999836921692,1694.551240825746
68,15,MacBook Air,Alkaen 1 159 €,FI,Finland,Europe & Central Asia,High income,2022-01-02 21:52:18.126048,MacBook Air,1159,1159.0,EUR,0.8845999836921692,1310.1967232268444
69,16,Magic Mouse,85 €,FI,Finland,Europe & Central Asia,High income,2022-01-02 21:52:18.126048,Magic Mouse,85,85.0,EUR,0.8845999836921692,96.08862939972542
70,1,iPhone SE,À partir de 489 €,FR,France,Europe & Central Asia,High income,2022-01-02 21:52:19.284673,iPhone SE,489,489.0,EUR,0.8845999836921692,552.7922326643028
71,2,iPhone 12,À partir de 689 €,FR,France,Europe & Central Asia,High income,2022-01-02 21:52:19.284673,iPhone 12,689,689.0,EUR,0.8845999836921692,778.883125369539
72,4,AirPods Pro,279 €,FR,France,Europe & Central Asia,High income,2022-01-02 21:52:19.284673,AirPods Pro,279,279.0,EUR,0.8845999836921692,315.3967953238046
73,5,AirPods(2ᵉ génération),149 €,FR,France,Europe & Central Asia,High income,2022-01-02 21:52:19.284673,AirPods(2nd generation),149,149.0,EUR,0.8845999836921692,168.43771506540105
74,7,Apple TV 4K,199 €,FR,France,Europe & Central Asia,High income,2022-01-02 21:52:19.284673,Apple TV 4K,199,199.0,EUR,0.8845999836921692,224.9604382417101
75,8,Apple Watch SE,À partir de 299 €,FR,France,Europe & Central Asia,High income,2022-01-02 21:52:19.284673,Apple Watch SE,299,299.0,EUR,0.8845999836921692,338.0058845943283
76,9,Apple Watch Series 3,À partir de 219 €,FR,France,Europe & Central Asia,High income,2022-01-02 21:52:19.284673,Apple Watch Series 3,219,219.0,EUR,0.8845999836921692,247.56952751223375
77,10,Bracelet Sport,49 €,FR,France,Europe & Central Asia,High income,2022-01-02 21:52:19.284673,Sport Band,49,49.0,EUR,0.8845999836921692,55.392268712782894
78,11,iPad,À partir de 389 €,FR,France,Europe & Central Asia,High income,2022-01-02 21:52:19.284673,iPad,389,389.0,EUR,0.8845999836921692,439.7467863116846
79,12,iPad Pro,À partir de 899 €,FR,France,Europe & Central Asia,High income,2022-01-02 21:52:19.284673,iPad Pro,899,899.0,EUR,0.8845999836921692,1016.2785627100371
80,13,Apple Pencil (2ᵉ génération),135 €,FR,France,Europe & Central Asia,High income,2022-01-02 21:52:19.284673,Apple Pencil (2nd generation),135,135.0,EUR,0.8845999836921692,152.6113525760345
81,14,iMac 24 pouces²,À partir de 1 449 €,FR,France,Europe & Central Asia,High income,2022-01-02 21:52:19.284673,24-inch iMac,1449,1449.0,EUR,0.8845999836921692,1638.028517649437
82,15,MacBook Air,À partir de 1 129 €,FR,France,Europe & Central Asia,High income,2022-01-02 21:52:19.284673,MacBook Air,1129,1129.0,EUR,0.8845999836921692,1276.283089321059
83,16,Magic Mouse,85 €,FR,France,Europe & Central Asia,High income,2022-01-02 21:52:19.284673,Magic Mouse,85,85.0,EUR,0.8845999836921692,96.08862939972542
84,1,iPhone SE,From €499,IE,Ireland,Europe & Central Asia,High income,2022-01-02 21:52:22.791120,iPhone SE,499,499.0,EUR,0.8845999836921692,564.0967772995646
85,2,iPhone 12,From €709,IE,Ireland,Europe & Central Asia,High income,2022-01-02 21:52:22.791120,iPhone 12,709,709.0,EUR,0.8845999836921692,801.4922146400627
86,4,AirPods Pro,€279,IE,Ireland,Europe & Central Asia,High income,2022-01-02 21:52:22.791120,AirPods Pro,279,279.0,EUR,0.8845999836921692,315.3967953238046
87,5,AirPods(2nd generation),€149,IE,Ireland,Europe & Central Asia,High income,2022-01-02 21:52:22.791120,AirPods(2nd generation),149,149.0,EUR,0.8845999836921692,168.43771506540105
88,7,Apple TV 4K,€199,IE,Ireland,Europe & Central Asia,High income,2022-01-02 21:52:22.791120,Apple TV 4K,199,199.0,EUR,0.8845999836921692,224.9604382417101
89,8,Apple Watch SE,From €299,IE,Ireland,Europe & Central Asia,High income,2022-01-02 21:52:22.791120,Apple Watch SE,299,299.0,EUR,0.8845999836921692,338.0058845943283
90,9,Apple Watch Series 3,From €219,IE,Ireland,Europe & Central Asia,High income,2022-01-02 21:52:22.791120,Apple Watch Series 3,219,219.0,EUR,0.8845999836921692,247.56952751223375
91,10,Sport Band,€49,IE,Ireland,Europe & Central Asia,High income,2022-01-02 21:52:22.791120,Sport Band,49,49.0,EUR,0.8845999836921692,55.392268712782894
92,11,iPad,From €399,IE,Ireland,Europe & Central Asia,High income,2022-01-02 21:52:22.791120,iPad,399,399.0,EUR,0.8845999836921692,451.0513309469464
93,12,iPad Pro,From €909,IE,Ireland,Europe & Central Asia,High income,2022-01-02 21:52:22.791120,iPad Pro,909,909.0,EUR,0.8845999836921692,1027.583107345299
94,13,Apple Pencil (2nd generation),€135,IE,Ireland,Europe & Central Asia,High income,2022-01-02 21:52:22.791120,Apple Pencil (2nd generation),135,135.0,EUR,0.8845999836921692,152.6113525760345
95,14,24-inch iMac²,"From €1,499",IE,Ireland,Europe & Central Asia,High income,2022-01-02 21:52:22.791120,24-inch iMac,"1,499",1499.0,EUR,0.8845999836921692,1694.551240825746
96,15,MacBook Air,"From €1,129",IE,Ireland,Europe & Central Asia,High income,2022-01-02 21:52:22.791120,MacBook Air,"1,129",1129.0,EUR,0.8845999836921692,1276.283089321059
97,16,Magic Mouse,€85,IE,Ireland,Europe & Central Asia,High income,2022-01-02 21:52:22.791120,Magic Mouse,85,85.0,EUR,0.8845999836921692,96.08862939972542
98,1,iPhone SE,da € 499,IT,Italy,Europe & Central Asia,High income,2022-01-02 21:52:24.622852,iPhone SE,499,499.0,EUR,0.8845999836921692,564.0967772995646
99,2,iPhone 12,da € 719,IT,Italy,Europe & Central Asia,High income,2022-01-02 21:52:24.622852,iPhone 12,719,719.0,EUR,0.8845999836921692,812.7967592753245
100,4,AirPods Pro,€ 279,IT,Italy,Europe & Central Asia,High income,2022-01-02 21:52:24.622852,AirPods Pro,279,279.0,EUR,0.8845999836921692,315.3967953238046
101,5,AirPods(seconda generazione),€ 149,IT,Italy,Europe & Central Asia,High income,2022-01-02 21:52:24.622852,AirPods(2nd generation),149,149.0,EUR,0.8845999836921692,168.43771506540105
102,7,Apple TV 4K,€ 199,IT,Italy,Europe & Central Asia,High income,2022-01-02 21:52:24.622852,Apple TV 4K,199,199.0,EUR,0.8845999836921692,224.9604382417101
103,9,Apple Watch SE,da € 309,IT,Italy,Europe & Central Asia,High income,2022-01-02 21:52:24.622852,Apple Watch SE,309,309.0,EUR,0.8845999836921692,349.31042922959006
104,10,Apple Watch Series 3,da € 229,IT,Italy,Europe & Central Asia,High income,2022-01-02 21:52:24.622852,Apple Watch Series 3,229,229.0,EUR,0.8845999836921692,258.87407214749555
105,11,Cinturino Sport,€ 49,IT,Italy,Europe & Central Asia,High income,2022-01-02 21:52:24.622852,Sport Band,49,49.0,EUR,0.8845999836921692,55.392268712782894
106,12,iPad,da € 389,IT,Italy,Europe & Central Asia,High income,2022-01-02 21:52:24.622852,iPad,389,389.0,EUR,0.8845999836921692,439.7467863116846
107,13,iPad Pro,da € 899,IT,Italy,Europe & Central Asia,High income,2022-01-02 21:52:24.622852,iPad Pro,899,899.0,EUR,0.8845999836921692,1016.2785627100371
108,14,Apple Pencil (seconda generazione),€ 135,IT,Italy,Europe & Central Asia,High income,2022-01-02 21:52:24.622852,Apple Pencil (2nd generation),135,135.0,EUR,0.8845999836921692,152.6113525760345
109,15,"iMac 24""²",da € 1.499,IT,Italy,Europe & Central Asia,High income,2022-01-02 21:52:24.622852,24-inch iMac,1.499,1499.0,EUR,0.8845999836921692,1694.551240825746
110,16,MacBook Air,da € 1.159,IT,Italy,Europe & Central Asia,High income,2022-01-02 21:52:24.622852,MacBook Air,1.159,1159.0,EUR,0.8845999836921692,1310.1967232268444
111,17,Magic Mouse,€ 85,IT,Italy,Europe & Central Asia,High income,2022-01-02 21:52:24.622852,Magic Mouse,85,85.0,EUR,0.8845999836921692,96.08862939972542
112,1,iPhone SE,"À partir de 472,83 €",LU,Luxembourg,Europe & Central Asia,High income,2022-01-02 21:52:27.538167,iPhone SE,"472,83",472.83,EUR,0.8845999836921692,534.5127839890844
113,2,iPhone 12,"À partir de 666,22 €",LU,Luxembourg,Europe & Central Asia,High income,2022-01-02 21:52:27.538167,iPhone 12,"666,22",666.22,EUR,0.8845999836921692,753.1313726904126
114,4,AirPods Pro,"269,78 €",LU,Luxembourg,Europe & Central Asia,High income,2022-01-02 21:52:27.538167,AirPods Pro,"269,78",269.78,EUR,0.8845999836921692,304.9740051700932
115,5,AirPods(2ᵉ génération),"144,07 €",LU,Luxembourg,Europe & Central Asia,High income,2022-01-02 21:52:27.538167,AirPods(2nd generation),"144,07",144.07,EUR,0.8845999836921692,162.86457456021697
116,7,Apple TV 4K,"192,42 €",LU,Luxembourg,Europe & Central Asia,High income,2022-01-02 21:52:27.538167,Apple TV 4K,"192,42",192.42,EUR,0.8845999836921692,217.52204787170783
117,8,Apple Watch SE,"À partir de 289,12 €",LU,Luxembourg,Europe & Central Asia,High income,2022-01-02 21:52:27.538167,Apple Watch SE,"289,12",289.12,EUR,0.8845999836921692,326.8369944946896
118,9,Apple Watch Series 3,"À partir de 211,76 €",LU,Luxembourg,Europe & Central Asia,High income,2022-01-02 21:52:27.538167,Apple Watch Series 3,"211,76",211.76,EUR,0.8845999836921692,239.38503719630418
119,10,Bracelet Sport,"47,39 €",LU,Luxembourg,Europe & Central Asia,High income,2022-01-02 21:52:27.538167,Sport Band,"47,39",47.39,EUR,0.8845999836921692,53.57223702650574
120,11,iPad,"À partir de 376,14 €",LU,Luxembourg,Europe & Central Asia,High income,2022-01-02 21:52:27.538167,iPad,"376,14",376.14,EUR,0.8845999836921692,425.20914191073786
121,12,iPad Pro,"À partir de 869,29 €",LU,Luxembourg,Europe & Central Asia,High income,2022-01-02 21:52:27.538167,iPad Pro,"869,29",869.29,EUR,0.8845999836921692,982.6927605986742
122,13,Apple Pencil (2ᵉ génération),"130,54 €",LU,Luxembourg,Europe & Central Asia,High income,2022-01-02 21:52:27.538167,Apple Pencil (2nd generation),"130,54",130.54,EUR,0.8845999836921692,147.5695256687077
123,14,iMac 24 pouces²,"À partir de 1 401,10 €",LU,Luxembourg,Europe & Central Asia,High income,2022-01-02 21:52:27.538167,24-inch iMac,"1401,10",1401.1,EUR,0.8845999836921692,1583.8797488465327
124,15,MacBook Air,"À partir de 1 091,68 €",LU,Luxembourg,Europe & Central Asia,High income,2022-01-02 21:52:27.538167,MacBook Air,"1091,68",1091.68,EUR,0.8845999836921692,1234.094528742262
125,16,Magic Mouse,"82,19 €",LU,Luxembourg,Europe & Central Asia,High income,2022-01-02 21:52:27.538167,Magic Mouse,"82,19",82.19,EUR,0.8845999836921692,92.91205235721685
126,1,iPhone SE,"Vanaf € 492,10",NL,Netherlands,Europe & Central Asia,High income,2022-01-02 21:52:31.737975,iPhone SE,"492,10",492.1,EUR,0.8845999836921692,556.2966415012339
127,2,iPhone 12,Vanaf € 689,NL,Netherlands,Europe & Central Asia,High income,2022-01-02 21:52:31.737975,iPhone 12,689,689.0,EUR,0.8845999836921692,778.883125369539
128,4,AirPods Pro,€ 279,NL,Netherlands,Europe & Central Asia,High income,2022-01-02 21:52:31.737975,AirPods Pro,279,279.0,EUR,0.8845999836921692,315.3967953238046
129,5,AirPods(2e generatie),€ 149,NL,Netherlands,Europe & Central Asia,High income,2022-01-02 21:52:31.737975,AirPods(2nd generation),149,149.0,EUR,0.8845999836921692,168.43771506540105
130,7,Apple TV 4K,€ 199,NL,Netherlands,Europe & Central Asia,High income,2022-01-02 21:52:31.737975,Apple TV 4K,199,199.0,EUR,0.8845999836921692,224.9604382417101
131,8,Apple Watch SE,Vanaf € 299,NL,Netherlands,Europe & Central Asia,High income,2022-01-02 21:52:31.737975,Apple Watch SE,299,299.0,EUR,0.8845999836921692,338.0058845943283
132,9,Apple Watch Series 3,Vanaf € 219,NL,Netherlands,Europe & Central Asia,High income,2022-01-02 21:52:31.737975,Apple Watch Series 3,219,219.0,EUR,0.8845999836921692,247.56952751223375
133,10,Sportbandje,€ 49,NL,Netherlands,Europe & Central Asia,High income,2022-01-02 21:52:31.737975,Sport Band,49,49.0,EUR,0.8845999836921692,55.392268712782894
134,11,iPad,Vanaf € 389,NL,Netherlands,Europe & Central Asia,High income,2022-01-02 21:52:31.737975,iPad,389,389.0,EUR,0.8845999836921692,439.7467863116846
135,12,iPad Pro,Vanaf € 899,NL,Netherlands,Europe & Central Asia,High income,2022-01-02 21:52:31.737975,iPad Pro,899,899.0,EUR,0.8845999836921692,1016.2785627100371
136,13,Apple Pencil (2e generatie),€ 135,NL,Netherlands,Europe & Central Asia,High income,2022-01-02 21:52:31.737975,Apple Pencil (2nd generation),135,135.0,EUR,0.8845999836921692,152.6113525760345
137,14,24-inch iMac²,Vanaf € 1.449,NL,Netherlands,Europe & Central Asia,High income,2022-01-02 21:52:31.737975,24-inch iMac,1.449,1449.0,EUR,0.8845999836921692,1638.028517649437
138,15,MacBook Air,"Vanaf € 1.129,10",NL,Netherlands,Europe & Central Asia,High income,2022-01-02 21:52:31.737975,MacBook Air,"1.129,10",1129.1,EUR,0.8845999836921692,1276.3961347674115
139,16,Magic Mouse,€ 85,NL,Netherlands,Europe & Central Asia,High income,2022-01-02 21:52:31.737975,Magic Mouse,85,85.0,EUR,0.8845999836921692,96.08862939972542
140,1,iPhone SE,Desde 499 €,PT,Portugal,Europe & Central Asia,High income,2022-01-02 21:52:40.018627,iPhone SE,499,499.0,EUR,0.8845999836921692,564.0967772995646
141,2,iPhone 12,Desde 709 €,PT,Portugal,Europe & Central Asia,High income,2022-01-02 21:52:40.018627,iPhone 12,709,709.0,EUR,0.8845999836921692,801.4922146400627
142,4,AirPods Pro,279 €,PT,Portugal,Europe & Central Asia,High income,2022-01-02 21:52:40.018627,AirPods Pro,279,279.0,EUR,0.8845999836921692,315.3967953238046
143,5,AirPods(2.ª geração),149 €,PT,Portugal,Europe & Central Asia,High income,2022-01-02 21:52:40.018627,AirPods(2nd generation),149,149.0,EUR,0.8845999836921692,168.43771506540105
144,7,Apple TV 4K,199 €,PT,Portugal,Europe & Central Asia,High income,2022-01-02 21:52:40.018627,Apple TV 4K,199,199.0,EUR,0.8845999836921692,224.9604382417101
145,8,Apple Watch SE,Desde 309 €,PT,Portugal,Europe & Central Asia,High income,2022-01-02 21:52:40.018627,Apple Watch SE,309,309.0,EUR,0.8845999836921692,349.31042922959006
146,9,Apple Watch Series 3,Desde 229 €,PT,Portugal,Europe & Central Asia,High income,2022-01-02 21:52:40.018627,Apple Watch Series 3,229,229.0,EUR,0.8845999836921692,258.87407214749555
147,10,Bracelete desportiva,49 €,PT,Portugal,Europe & Central Asia,High income,2022-01-02 21:52:40.018627,Sport Band,49,49.0,EUR,0.8845999836921692,55.392268712782894
148,11,iPad,Desde 399 €,PT,Portugal,Europe & Central Asia,High income,2022-01-02 21:52:40.018627,iPad,399,399.0,EUR,0.8845999836921692,451.0513309469464
149,12,iPad Pro,Desde 909 €,PT,Portugal,Europe & Central Asia,High income,2022-01-02 21:52:40.018627,iPad Pro,909,909.0,EUR,0.8845999836921692,1027.583107345299
150,13,Apple Pencil (2.ª geração),135 €,PT,Portugal,Europe & Central Asia,High income,2022-01-02 21:52:40.018627,Apple Pencil (2nd generation),135,135.0,EUR,0.8845999836921692,152.6113525760345
151,14,iMac de 24 polegadas²,Desde 1499 €,PT,Portugal,Europe & Central Asia,High income,2022-01-02 21:52:40.018627,24-inch iMac,1499,1499.0,EUR,0.8845999836921692,1694.551240825746
152,15,MacBook Air,Desde 1159 €,PT,Portugal,Europe & Central Asia,High income,2022-01-02 21:52:40.018627,MacBook Air,1159,1159.0,EUR,0.8845999836921692,1310.1967232268444
153,16,Magic Mouse,85 €,PT,Portugal,Europe & Central Asia,High income,2022-01-02 21:52:40.018627,Magic Mouse,85,85.0,EUR,0.8845999836921692,96.08862939972542
154,1,iPhone SE,A partir de R$ 3.699,BR,Brazil,Latin America & Caribbean,Upper middle income,2022-01-02 21:52:09.264138,iPhone SE,3.699,3699.0,BRL,5.660699844360352,653.4527711596021
155,2,iPhone 12,A partir de R$ 5.699,BR,Brazil,Latin America & Caribbean,Upper middle income,2022-01-02 21:52:09.264138,iPhone 12,5.699,5699.0,BRL,5.660699844360352,1006.7659753551155
156,3,AirPods Pro,R$ 2.999,BR,Brazil,Latin America & Caribbean,Upper middle income,2022-01-02 21:52:09.264138,AirPods Pro,2.999,2999.0,BRL,5.660699844360352,529.7931496911724
157,4,AirPods(2ª geração),R$ 1.649,BR,Brazil,Latin America & Caribbean,Upper middle income,2022-01-02 21:52:09.264138,AirPods(2nd generation),1.649,1649.0,BRL,5.660699844360352,291.30673685920084
158,6,Apple TV 4K,R$ 2.399,BR,Brazil,Latin America & Caribbean,Upper middle income,2022-01-02 21:52:09.264138,Apple TV 4K,2.399,2399.0,BRL,5.660699844360352,423.79918843251835
159,7,Apple Watch SE,A partir de R$ 3.799,BR,Brazil,Latin America & Caribbean,Upper middle income,2022-01-02 21:52:09.264138,Apple Watch SE,3.799,3799.0,BRL,5.660699844360352,671.1184313693777
160,8,Apple Watch Series 3,A partir de R$ 2.599,BR,Brazil,Latin America & Caribbean,Upper middle income,2022-01-02 21:52:09.264138,Apple Watch Series 3,2.599,2599.0,BRL,5.660699844360352,459.1305088520697
161,9,Pulseira esportiva,R$ 549,BR,Brazil,Latin America & Caribbean,Upper middle income,2022-01-02 21:52:09.264138,Sport Band,549,549.0,BRL,5.660699844360352,96.98447455166844
162,10,iPad,A partir de R$ 3.999,BR,Brazil,Latin America & Caribbean,Upper middle income,2022-01-02 21:52:09.264138,iPad,3.999,3999.0,BRL,5.660699844360352,706.4497517889291
163,11,iPad Pro,A partir de R$ 10.799,BR,Brazil,Latin America & Caribbean,Upper middle income,2022-01-02 21:52:09.264138,iPad Pro,10.799,10799.0,BRL,5.660699844360352,1907.7146460536749
164,12,Apple Pencil (2ª geração),R$ 1.599,BR,Brazil,Latin America & Caribbean,Upper middle income,2022-01-02 21:52:09.264138,Apple Pencil (2nd generation),1.599,1599.0,BRL,5.660699844360352,282.47390675431296
165,13,iMac de 24 polegadas²,A partir de R$ 17.599,BR,Brazil,Latin America & Caribbean,Upper middle income,2022-01-02 21:52:09.264138,24-inch iMac,17.599,17599.0,BRL,5.660699844360352,3108.9795403184203
166,14,MacBook Air,A partir de R$ 12.999,BR,Brazil,Latin America & Caribbean,Upper middle income,2022-01-02 21:52:09.264138,MacBook Air,12.999,12999.0,BRL,5.660699844360352,2296.3591706687394
167,15,Magic Mouse,R$ 899,BR,Brazil,Latin America & Caribbean,Upper middle income,2022-01-02 21:52:09.264138,Magic Mouse,899,899.0,BRL,5.660699844360352,158.8142852858833
168,1,iPhone SE,From $569,CA,Canada,North America,High income,2022-01-02 21:52:10.367290,iPhone SE,569,569.0,CAD,1.274399995803833,446.4846216835562
169,2,iPhone 12,From $799,CA,Canada,North America,High income,2022-01-02 21:52:10.367290,iPhone 12,799,799.0,CAD,1.274399995803833,626.9617095345543
170,4,AirPods Pro,$329,CA,Canada,North America,High income,2022-01-02 21:52:10.367290,AirPods Pro,329,329.0,CAD,1.274399995803833,258.16070392599295
171,5,AirPods(2nd generation),$179,CA,Canada,North America,High income,2022-01-02 21:52:10.367290,AirPods(2nd generation),179,179.0,CAD,1.274399995803833,140.45825532751593
172,7,Apple TV 4K,$229,CA,Canada,North America,High income,2022-01-02 21:52:10.367290,Apple TV 4K,229,229.0,CAD,1.274399995803833,179.6924048603416
173,8,Apple Watch SE,From $369,CA,Canada,North America,High income,2022-01-02 21:52:10.367290,Apple Watch SE,369,369.0,CAD,1.274399995803833,289.5480235522535
174,9,Apple Watch Series 3,From $249,CA,Canada,North America,High income,2022-01-02 21:52:10.367290,Apple Watch Series 3,249,249.0,CAD,1.274399995803833,195.38606467347188
175,10,Sport Band,$59,CA,Canada,North America,High income,2022-01-02 21:52:10.367290,Sport Band,59,59.0,CAD,1.274399995803833,46.296296448734296
176,11,iPad,From $429,CA,Canada,North America,High income,2022-01-02 21:52:10.367290,iPad,429,429.0,CAD,1.274399995803833,336.6290029916443
177,12,iPad Pro,From $999,CA,Canada,North America,High income,2022-01-02 21:52:10.367290,iPad Pro,999,999.0,CAD,1.274399995803833,783.898307665857
178,13,Apple Pencil (2nd generation),$169,CA,Canada,North America,High income,2022-01-02 21:52:10.367290,Apple Pencil (2nd generation),169,169.0,CAD,1.274399995803833,132.61142542095078
179,14,24-inch iMac²,From $1599,CA,Canada,North America,High income,2022-01-02 21:52:10.367290,24-inch iMac,1599,1599.0,CAD,1.274399995803833,1254.7081020597652
180,15,MacBook Air,From $1299,CA,Canada,North America,High income,2022-01-02 21:52:10.367290,MacBook Air,1299,1299.0,CAD,1.274399995803833,1019.3032048628111
181,16,Magic Mouse,$89,CA,Canada,North America,High income,2022-01-02 21:52:10.367290,Magic Mouse,89,89.0,CAD,1.274399995803833,69.83678616842971
182,1,iPhone SE,Od 11 690 Kč,CZ,Czech Republic,Europe & Central Asia,High income,2022-01-02 21:52:12.701576,iPhone SE,11690,11690.0,CZK,21.944000244140625,532.7196440913914
183,2,iPhone 12,Od 16 990 Kč,CZ,Czech Republic,Europe & Central Asia,High income,2022-01-02 21:52:12.701576,iPhone 12,16990,16990.0,CZK,21.944000244140625,774.2435203689256
184,4,AirPods Pro,7 290 Kč,CZ,Czech Republic,Europe & Central Asia,High income,2022-01-02 21:52:12.701576,AirPods Pro,7290,7290.0,CZK,21.944000244140625,332.20925623834415
185,5,AirPods(2. generace),3 790 Kč,CZ,Czech Republic,Europe & Central Asia,High income,2022-01-02 21:52:12.701576,AirPods(2nd generation),3790,3790.0,CZK,21.944000244140625,172.71235680978387
186,7,Apple TV 4K,4 990 Kč,CZ,Czech Republic,Europe & Central Asia,High income,2022-01-02 21:52:12.701576,Apple TV 4K,4990,4990.0,CZK,21.944000244140625,227.39700804243313
187,8,Apple Watch SE,Od 7 990 Kč,CZ,Czech Republic,Europe & Central Asia,High income,2022-01-02 21:52:12.701576,Apple Watch SE,7990,7990.0,CZK,21.944000244140625,364.10863612405626
188,9,Apple Watch Series 3,Od 5 490 Kč,CZ,Czech Republic,Europe & Central Asia,High income,2022-01-02 21:52:12.701576,Apple Watch Series 3,5490,5490.0,CZK,21.944000244140625,250.1822793893703
189,10,Sportovní řemínek,1 290 Kč,CZ,Czech Republic,Europe & Central Asia,High income,2022-01-02 21:52:12.701576,Sport Band,1290,1290.0,CZK,21.944000244140625,58.78600007509794
190,11,iPad,Od 9 990 Kč,CZ,Czech Republic,Europe & Central Asia,High income,2022-01-02 21:52:12.701576,iPad,9990,9990.0,CZK,21.944000244140625,455.249721511805
191,12,iPad Pro,Od 22 990 Kč,CZ,Czech Republic,Europe & Central Asia,High income,2022-01-02 21:52:12.701576,iPad Pro,22990,22990.0,CZK,21.944000244140625,1047.6667765321718
192,13,Apple Pencil (2. generace),3 490 Kč,CZ,Czech Republic,Europe & Central Asia,High income,2022-01-02 21:52:12.701576,Apple Pencil (2nd generation),3490,3490.0,CZK,21.944000244140625,159.04119400162156
193,14,24palcový iMac²,Od 37 990 Kč,CZ,Czech Republic,Europe & Central Asia,High income,2022-01-02 21:52:12.701576,24-inch iMac,37990,37990.0,CZK,21.944000244140625,1731.2249169402874
194,15,MacBook Air,Od 29 990 Kč,CZ,Czech Republic,Europe & Central Asia,High income,2022-01-02 21:52:12.701576,MacBook Air,29990,29990.0,CZK,21.944000244140625,1366.6605753892925
195,16,Magic Mouse,2 290 Kč,CZ,Czech Republic,Europe & Central Asia,High income,2022-01-02 21:52:12.701576,Magic Mouse,2290,2290.0,CZK,21.944000244140625,104.35654276897232
196,1,iPhone SE,Fra 3.655 kr.,DK,Denmark,Europe & Central Asia,High income,2022-01-02 21:52:15.114080,iPhone SE,3.655.,3655.0,DKK,6.583499908447266,555.1758260542059
197,2,iPhone 12,Fra 5.355 kr.,DK,Denmark,Europe & Central Asia,High income,2022-01-02 21:52:15.114080,iPhone 12,5.355.,5355.0,DKK,6.583499908447266,813.3971404980227
198,4,AirPods Pro,2.199 kr.,DK,Denmark,Europe & Central Asia,High income,2022-01-02 21:52:15.114080,AirPods Pro,2.199.,2199.0,DKK,6.583499908447266,334.0168649776194
199,5,AirPods(2. generation),1.129 kr.,DK,Denmark,Europe & Central Asia,High income,2022-01-02 21:52:15.114080,AirPods(2nd generation),1.129.,1129.0,DKK,6.583499908447266,171.48933176886416
200,7,Apple TV 4K,1.499 kr.,DK,Denmark,Europe & Central Asia,High income,2022-01-02 21:52:15.114080,Apple TV 4K,1.499.,1499.0,DKK,6.583499908447266,227.69044138310662
201,8,Apple Watch SE,Fra 2.299 kr.,DK,Denmark,Europe & Central Asia,High income,2022-01-02 21:52:15.114080,Apple Watch SE,2.299.,2299.0,DKK,6.583499908447266,349.2063540625498
202,9,Apple Watch Series 3,Fra 1.699 kr.,DK,Denmark,Europe & Central Asia,High income,2022-01-02 21:52:15.114080,Apple Watch Series 3,1.699.,1699.0,DKK,6.583499908447266,258.0694195529674
203,10,Sportsrem,369 kr.,DK,Denmark,Europe & Central Asia,High income,2022-01-02 21:52:15.114080,Sport Band,369.,369.0,DKK,6.583499908447266,56.04921472339316
204,11,iPad,Fra 2.855 kr.,DK,Denmark,Europe & Central Asia,High income,2022-01-02 21:52:15.114080,iPad,2.855.,2855.0,DKK,6.583499908447266,433.6599133747628
205,12,iPad Pro,Fra 6.755 kr.,DK,Denmark,Europe & Central Asia,High income,2022-01-02 21:52:15.114080,iPad Pro,6.755.,6755.0,DKK,6.583499908447266,1026.0499876870483
206,13,Apple Pencil (2. generation),1.099 kr.,DK,Denmark,Europe & Central Asia,High income,2022-01-02 21:52:15.114080,Apple Pencil (2nd generation),1.099.,1099.0,DKK,6.583499908447266,166.93248504338504
207,14,"24"" iMac²",Fra 11.555 kr.,DK,Denmark,Europe & Central Asia,High income,2022-01-02 21:52:15.114080,24-inch iMac,11.555.,11555.0,DKK,6.583499908447266,1755.1454637637073
208,15,MacBook Air,Fra 8.755 kr.,DK,Denmark,Europe & Central Asia,High income,2022-01-02 21:52:15.114080,MacBook Air,8.755.,8755.0,DKK,6.583499908447266,1329.8397693856562
209,16,Magic Mouse,679 kr.,DK,Denmark,Europe & Central Asia,High income,2022-01-02 21:52:15.114080,Magic Mouse,679.,679.0,DKK,6.583499908447266,103.13663088667738
210,1,iPhone SE,Induló ár: 174 990 Ft,HU,Hungary,Europe & Central Asia,High income,2022-01-02 21:52:20.418188,iPhone SE,174990,174990.0,HUF,323.5899963378906,540.7769151716191
211,2,iPhone 12,Induló ár: 249 990 Ft,HU,Hungary,Europe & Central Asia,High income,2022-01-02 21:52:20.418188,iPhone 12,249990,249990.0,HUF,323.5899963378906,772.5516945182756
212,4,AirPods Pro,99 990 Ft,HU,Hungary,Europe & Central Asia,High income,2022-01-02 21:52:20.418188,AirPods Pro,99990,99990.0,HUF,323.5899963378906,309.0021358249625
213,5,AirPods(2. generáció),52 990 Ft,HU,Hungary,Europe & Central Asia,High income,2022-01-02 21:52:20.418188,AirPods(2nd generation),52990,52990.0,HUF,323.5899963378906,163.75660743439107
214,7,Apple TV 4K,71 990 Ft,HU,Hungary,Europe & Central Asia,High income,2022-01-02 21:52:20.418188,Apple TV 4K,71990,71990.0,HUF,323.5899963378906,222.4728848688774
215,8,Apple Watch SE,Induló ár: 109 990 Ft,HU,Hungary,Europe & Central Asia,High income,2022-01-02 21:52:20.418188,Apple Watch SE,109990,109990.0,HUF,323.5899963378906,339.90543973785003
216,9,Apple Watch Series 3,Induló ár: 77 990 Ft,HU,Hungary,Europe & Central Asia,High income,2022-01-02 21:52:20.418188,Apple Watch Series 3,77990,77990.0,HUF,323.5899963378906,241.01486721660993
217,10,Sportszíj,17 990 Ft,HU,Hungary,Europe & Central Asia,High income,2022-01-02 21:52:20.418188,Sport Band,17990,17990.0,HUF,323.5899963378906,55.595043739284684
218,11,iPad,Induló ár: 134 990 Ft,HU,Hungary,Europe & Central Asia,High income,2022-01-02 21:52:20.418188,iPad,134990,134990.0,HUF,323.5899963378906,417.1636995200689
219,12,iPad Pro,Induló ár: 324 990 Ft,HU,Hungary,Europe & Central Asia,High income,2022-01-02 21:52:20.418188,iPad Pro,324990,324990.0,HUF,323.5899963378906,1004.3264738649322
220,13,Apple Pencil (második generáció),49 990 Ft,HU,Hungary,Europe & Central Asia,High income,2022-01-02 21:52:20.418188,Apple Pencil (2nd generation),49990,49990.0,HUF,323.5899963378906,154.4856162605248
221,14,24 hüvelykes iMac²,Induló ár: 539 990 Ft,HU,Hungary,Europe & Central Asia,High income,2022-01-02 21:52:20.418188,24-inch iMac,539990,539990.0,HUF,323.5899963378906,1668.7475079920143
222,15,MacBook Air,Induló ár: 429 990 Ft,HU,Hungary,Europe & Central Asia,High income,2022-01-02 21:52:20.418188,MacBook Air,429990,429990.0,HUF,323.5899963378906,1328.8111649502514
223,16,Magic Mouse,34 990 Ft,HU,Hungary,Europe & Central Asia,High income,2022-01-02 21:52:20.418188,Magic Mouse,34990,34990.0,HUF,323.5899963378906,108.1306603911935
224,1,iPhone SE,From ₹39900.00‡,IN,India,South Asia,Lower middle income,2022-01-02 21:52:21.513688,iPhone SE,39900.00,39900.0,INR,74.50800323486328,535.5129418007308
225,2,iPhone 12,From ₹59900.00‡,IN,India,South Asia,Lower middle income,2022-01-02 21:52:21.513688,iPhone 12,59900.00,59900.0,INR,74.50800323486328,803.9404815504705
226,4,AirPods Pro,₹24900.00‡,IN,India,South Asia,Lower middle income,2022-01-02 21:52:21.513688,AirPods Pro,24900.00,24900.0,INR,74.50800323486328,334.19228698842596
227,5,AirPods(2nd generation),₹12900.00‡,IN,India,South Asia,Lower middle income,2022-01-02 21:52:21.513688,AirPods(2nd generation),12900.00,12900.0,INR,74.50800323486328,173.13576313858212
228,7,Apple TV 4K,From ₹18900.00‡,IN,India,South Asia,Lower middle income,2022-01-02 21:52:21.513688,Apple TV 4K,18900.00,18900.0,INR,74.50800323486328,253.66402506350406
229,9,Apple Watch SE,From ₹29900.00‡,IN,India,South Asia,Lower middle income,2022-01-02 21:52:21.513688,Apple Watch SE,29900.00,29900.0,INR,74.50800323486328,401.2991719258609
230,10,Apple Watch Series 3,From ₹20900.00‡,IN,India,South Asia,Lower middle income,2022-01-02 21:52:21.513688,Apple Watch Series 3,20900.00,20900.0,INR,74.50800323486328,280.50677903847804
231,11,Sport Band,₹3900.00‡,IN,India,South Asia,Lower middle income,2022-01-02 21:52:21.513688,Sport Band,3900.00,3900.0,INR,74.50800323486328,52.34337025119925
232,12,iPad,From ₹30900.00‡,IN,India,South Asia,Lower middle income,2022-01-02 21:52:21.513688,iPad,30900.00,30900.0,INR,74.50800323486328,414.7205489133479
233,13,iPad Pro,From ₹71900.00‡,IN,India,South Asia,Lower middle income,2022-01-02 21:52:21.513688,iPad Pro,71900.00,71900.0,INR,74.50800323486328,964.9970054003144
234,14,Apple Pencil (2nd generation),₹10900.00‡,IN,India,South Asia,Lower middle income,2022-01-02 21:52:21.513688,Apple Pencil (2nd generation),10900.00,10900.0,INR,74.50800323486328,146.29300916360816
235,15,24-inch iMac²,From ₹119900.00‡,IN,India,South Asia,Lower middle income,2022-01-02 21:52:21.513688,24-inch iMac,119900.00,119900.0,INR,74.50800323486328,1609.2231007996897
236,16,MacBook Air,From ₹92900.00‡,IN,India,South Asia,Lower middle income,2022-01-02 21:52:21.513688,MacBook Air,92900.00,92900.0,INR,74.50800323486328,1246.845922137541
237,17,Magic Mouse,₹7500.00‡,IN,India,South Asia,Lower middle income,2022-01-02 21:52:21.513688,Magic Mouse,7500.00,7500.0,INR,74.50800323486328,100.6603274061524
238,1,iPhone SE,"Desde $10,999",MX,Mexico,Latin America & Caribbean,Upper middle income,2022-01-02 21:52:29.026754,iPhone SE,"10,999",10999.0,MXN,20.54700088500977,535.3092678369625
239,2,iPhone 12,"Desde $14,999",MX,Mexico,Latin America & Caribbean,Upper middle income,2022-01-02 21:52:29.026754,iPhone 12,"14,999",14999.0,MXN,20.54700088500977,729.9848811970725
240,4,AirPods Pro,"$5,999",MX,Mexico,Latin America & Caribbean,Upper middle income,2022-01-02 21:52:29.026754,AirPods Pro,"5,999",5999.0,MXN,20.54700088500977,291.964751136825
241,5,AirPods(segunda generación),"$3,299",MX,Mexico,Latin America & Caribbean,Upper middle income,2022-01-02 21:52:29.026754,AirPods(2nd generation),"3,299",3299.0,MXN,20.54700088500977,160.55871211875072
242,7,Apple TV 4K,"$4,499",MX,Mexico,Latin America & Caribbean,Upper middle income,2022-01-02 21:52:29.026754,Apple TV 4K,"4,499",4499.0,MXN,20.54700088500977,218.96139612678374
243,9,Apple Watch SE,"Desde $7,499",MX,Mexico,Latin America & Caribbean,Upper middle income,2022-01-02 21:52:29.026754,Apple Watch SE,"7,499",7499.0,MXN,20.54700088500977,364.96810614686626
244,10,Apple Watch Series 3,"Desde $4,999",MX,Mexico,Latin America & Caribbean,Upper middle income,2022-01-02 21:52:29.026754,Apple Watch Series 3,"4,999",4999.0,MXN,20.54700088500977,243.2958477967975
245,11,Correa deportiva,"$1,199",MX,Mexico,Latin America & Caribbean,Upper middle income,2022-01-02 21:52:29.026754,Sport Band,"1,199",1199.0,MXN,20.54700088500977,58.35401510469298
246,12,iPad,"Desde $8,999",MX,Mexico,Latin America & Caribbean,Upper middle income,2022-01-02 21:52:29.026754,iPad,"8,999",8999.0,MXN,20.54700088500977,437.9714611569075
247,13,iPad Pro,"Desde $20,999",MX,Mexico,Latin America & Caribbean,Upper middle income,2022-01-02 21:52:29.026754,iPad Pro,"20,999",20999.0,MXN,20.54700088500977,1021.9983012372376
248,14,Apple Pencil (segunda generación),"$3,299",MX,Mexico,Latin America & Caribbean,Upper middle income,2022-01-02 21:52:29.026754,Apple Pencil (2nd generation),"3,299",3299.0,MXN,20.54700088500977,160.55871211875072
249,15,iMac²,"Desde $33,499",MX,Mexico,Latin America & Caribbean,Upper middle income,2022-01-02 21:52:29.026754,24-inch iMac,"33,499",33499.0,MXN,20.54700088500977,1630.3595929875812
250,16,MacBook Air,"Desde $25,999",MX,Mexico,Latin America & Caribbean,Upper middle income,2022-01-02 21:52:29.026754,MacBook Air,"25,999",25999.0,MXN,20.54700088500977,1265.342817937375
251,17,Magic Mouse,"$1,999",MX,Mexico,Latin America & Caribbean,Upper middle income,2022-01-02 21:52:29.026754,Magic Mouse,"1,999",1999.0,MXN,20.54700088500977,97.28913777671498
252,1,iPhone SE,Fra kr 4 990,NO,Norway,Europe & Central Asia,High income,2022-01-02 21:52:33.104383,iPhone SE,4990,4990.0,NOK,8.86832046508789,562.6770051493111
253,2,iPhone 12,Fra kr 6 990,NO,Norway,Europe & Central Asia,High income,2022-01-02 21:52:33.104383,iPhone 12,6990,6990.0,NOK,8.86832046508789,788.198850900538
254,4,AirPods Pro,kr 2 990,NO,Norway,Europe & Central Asia,High income,2022-01-02 21:52:33.104383,AirPods Pro,2990,2990.0,NOK,8.86832046508789,337.1551593980842
255,5,AirPods(2. gen.),kr 1 450,NO,Norway,Europe & Central Asia,High income,2022-01-02 21:52:33.104383,AirPods(2nd generation),1450,1450.0,NOK,8.86832046508789,163.5033381696395
256,7,Apple TV 4K,kr 1 990,NO,Norway,Europe & Central Asia,High income,2022-01-02 21:52:33.104383,Apple TV 4K,1990,1990.0,NOK,8.86832046508789,224.39423652247075
257,8,Apple Watch SE,Fra kr 3 290,NO,Norway,Europe & Central Asia,High income,2022-01-02 21:52:33.104383,Apple Watch SE,3290,3290.0,NOK,8.86832046508789,370.98343626076826
258,9,Apple Watch Series 3,Fra kr 2 290,NO,Norway,Europe & Central Asia,High income,2022-01-02 21:52:33.104383,Apple Watch Series 3,2290,2290.0,NOK,8.86832046508789,258.2225133851548
259,10,Sport Band,kr 499,NO,Norway,Europe & Central Asia,High income,2022-01-02 21:52:33.104383,Sport Band,499,499.0,NOK,8.86832046508789,56.26770051493111
260,11,iPad,Fra kr 3 990,NO,Norway,Europe & Central Asia,High income,2022-01-02 21:52:33.104383,iPad,3990,3990.0,NOK,8.86832046508789,449.91608227369767
261,12,iPad Pro,Fra kr 8 990,NO,Norway,Europe & Central Asia,High income,2022-01-02 21:52:33.104383,iPad Pro,8990,8990.0,NOK,8.86832046508789,1013.7206966517649
262,13,Apple Pencil (2. gen.),kr 1 499,NO,Norway,Europe & Central Asia,High income,2022-01-02 21:52:33.104383,Apple Pencil (2nd generation),1499,1499.0,NOK,8.86832046508789,169.02862339054457
263,14,24-tommers iMac²,Fra kr 15 290,NO,Norway,Europe & Central Asia,High income,2022-01-02 21:52:33.104383,24-inch iMac,15290,15290.0,NOK,8.86832046508789,1724.1145107681295
264,15,MacBook Air,Fra kr 11 990,NO,Norway,Europe & Central Asia,High income,2022-01-02 21:52:33.104383,MacBook Air,11990,11990.0,NOK,8.86832046508789,1352.0034652786053
265,16,Magic Mouse,kr 949,NO,Norway,Europe & Central Asia,High income,2022-01-02 21:52:33.104383,Magic Mouse,949,949.0,NOK,8.86832046508789,107.01011580895717
266,1,iPhone SE,"From ₱26,490",PH,Philippines,East Asia & Pacific,Lower middle income,2022-01-02 21:52:35.094330,iPhone SE,"26,490",26490.0,PHP,51.290000915527344,516.4749371642245
267,2,iPhone 12,"From ₱38,990",PH,Philippines,East Asia & Pacific,Lower middle income,2022-01-02 21:52:35.094330,iPhone 12,"38,990",38990.0,PHP,51.290000915527344,760.1871574191435
268,4,AirPods Pro,"₱14,990",PH,Philippines,East Asia & Pacific,Lower middle income,2022-01-02 21:52:35.094330,AirPods Pro,"14,990",14990.0,PHP,51.290000915527344,292.25969452969895
269,5,AirPods(2nd generation),"₱7,690",PH,Philippines,East Asia & Pacific,Lower middle income,2022-01-02 21:52:35.094330,AirPods(2nd generation),"7,690",7690.0,PHP,51.290000915527344,149.9317579008262
270,7,Apple TV 4K,"₱10,990",PH,Philippines,East Asia & Pacific,Lower middle income,2022-01-02 21:52:35.094330,Apple TV 4K,"10,990",10990.0,PHP,51.290000915527344,214.27178404812483
271,8,Apple Watch SE,"From ₱15,990",PH,Philippines,East Asia & Pacific,Lower middle income,2022-01-02 21:52:35.094330,Apple Watch SE,"15,990",15990.0,PHP,51.290000915527344,311.75667215009247
272,9,Apple Watch Series 3,"From ₱11,490",PH,Philippines,East Asia & Pacific,Lower middle income,2022-01-02 21:52:35.094330,Apple Watch Series 3,"11,490",11490.0,PHP,51.290000915527344,224.0202728583216
273,10,Sport Band,"₱2,790",PH,Philippines,East Asia & Pacific,Lower middle income,2022-01-02 21:52:35.094330,Sport Band,"2,790",2790.0,PHP,51.290000915527344,54.396567560897935
274,11,iPad,"From ₱19,990",PH,Philippines,East Asia & Pacific,Lower middle income,2022-01-02 21:52:35.094330,iPad,"19,990",19990.0,PHP,51.290000915527344,389.74458263166656
275,12,iPad Pro,"From ₱45,990",PH,Philippines,East Asia & Pacific,Lower middle income,2022-01-02 21:52:35.094330,iPad Pro,"45,990",45990.0,PHP,51.290000915527344,896.6660007618982
276,13,Apple Pencil (2nd generation),"₱7,990",PH,Philippines,East Asia & Pacific,Lower middle income,2022-01-02 21:52:35.094330,Apple Pencil (2nd generation),"7,990",7990.0,PHP,51.290000915527344,155.78085118694426
277,14,24-inch iMac²,"From ₱73,990",PH,Philippines,East Asia & Pacific,Lower middle income,2022-01-02 21:52:35.094330,24-inch iMac,"73,990",73990.0,PHP,51.290000915527344,1442.5813741329168
278,15,MacBook Air,"From ₱54,990",PH,Philippines,East Asia & Pacific,Lower middle income,2022-01-02 21:52:35.094330,MacBook Air,"54,990",54990.0,PHP,51.290000915527344,1072.13879934544
279,16,Magic Mouse,"₱3,990",PH,Philippines,East Asia & Pacific,Lower middle income,2022-01-02 21:52:35.094330,Magic Mouse,"3,990",3990.0,PHP,51.290000915527344,77.79294070537016
280,1,iPhone SE,Od 2199 zł,PL,Poland,Europe & Central Asia,High income,2022-01-02 21:52:38.882845,iPhone SE,2199,2199.0,PLN,4.051000118255615,542.8289152820125
281,2,iPhone 12,Od 3149 zł,PL,Poland,Europe & Central Asia,High income,2022-01-02 21:52:38.882845,iPhone 12,3149,3149.0,PLN,4.051000118255615,777.3389059677387
282,4,AirPods Pro,1249 zł,PL,Poland,Europe & Central Asia,High income,2022-01-02 21:52:38.882845,AirPods Pro,1249,1249.0,PLN,4.051000118255615,308.3189245962863
283,5,AirPods(2. generacji),649 zł,PL,Poland,Europe & Central Asia,High income,2022-01-02 21:52:38.882845,AirPods(2nd generation),649,649.0,PLN,4.051000118255615,160.20735153161715
284,7,Apple TV 4K,899 zł,PL,Poland,Europe & Central Asia,High income,2022-01-02 21:52:38.882845,Apple TV 4K,899,899.0,PLN,4.051000118255615,221.9205069752293
285,8,Apple Watch SE,Od 1349 zł,PL,Poland,Europe & Central Asia,High income,2022-01-02 21:52:38.882845,Apple Watch SE,1349,1349.0,PLN,4.051000118255615,333.0041867737312
286,9,Apple Watch Series 3,Od 999 zł,PL,Poland,Europe & Central Asia,High income,2022-01-02 21:52:38.882845,Apple Watch Series 3,999,999.0,PLN,4.051000118255615,246.60576915267416
287,10,Pasek sportowy,199 zł,PL,Poland,Europe & Central Asia,High income,2022-01-02 21:52:38.882845,Sport Band,199,199.0,PLN,4.051000118255615,49.12367173311527
288,11,iPad,Od 1699 zł,PL,Poland,Europe & Central Asia,High income,2022-01-02 21:52:38.882845,iPad,1699,1699.0,PLN,4.051000118255615,419.40260439478817
289,12,iPad Pro,Od 3899 zł,PL,Poland,Europe & Central Asia,High income,2022-01-02 21:52:38.882845,iPad Pro,3899,3899.0,PLN,4.051000118255615,962.4783722985751
290,13,Apple Pencil (2. generacji),619 zł,PL,Poland,Europe & Central Asia,High income,2022-01-02 21:52:38.882845,Apple Pencil (2nd generation),619,619.0,PLN,4.051000118255615,152.8017728783837
291,14,iMac 24 cale²,Od 6799 zł,PL,Poland,Europe & Central Asia,High income,2022-01-02 21:52:38.882845,24-inch iMac,6799,6799.0,PLN,4.051000118255615,1678.350975444476
292,15,MacBook Air,Od 5199 zł,PL,Poland,Europe & Central Asia,High income,2022-01-02 21:52:38.882845,MacBook Air,5199,5199.0,PLN,4.051000118255615,1283.3867806053584
293,16,Magic Mouse,399 zł,PL,Poland,Europe & Central Asia,High income,2022-01-02 21:52:38.882845,Magic Mouse,399,399.0,PLN,4.051000118255615,98.494196088005
294,1,iPhone SE,От 39 990 pyб.,RU,Russia,Europe & Central Asia,Upper middle income,2022-01-02 21:52:41.098636,iPhone SE,39990.,39990.0,RUB,74.90879821777344,533.8491732805782
295,2,iPhone 12,От 54 990 pyб.,RU,Russia,Europe & Central Asia,Upper middle income,2022-01-02 21:52:41.098636,iPhone 12,54990.,54990.0,RUB,74.90879821777344,734.0926741360089
296,4,AirPods Pro,24 990 pyб.,RU,Russia,Europe & Central Asia,Upper middle income,2022-01-02 21:52:41.098636,AirPods Pro,24990.,24990.0,RUB,74.90879821777344,333.60567242514753
297,5,AirPods(2‑го поколения),12 490 pyб.,RU,Russia,Europe & Central Asia,Upper middle income,2022-01-02 21:52:41.098636,AirPods(2nd generation),12490.,12490.0,RUB,74.90879821777344,166.7360883789553
298,7,Apple TV 4K,16 990 pyб.,RU,Russia,Europe & Central Asia,Upper middle income,2022-01-02 21:52:41.098636,Apple TV 4K,16990.,16990.0,RUB,74.90879821777344,226.8091386355845
299,9,Apple Watch SE,От 24 990 pyб.,RU,Russia,Europe & Central Asia,Upper middle income,2022-01-02 21:52:41.098636,Apple Watch SE,24990.,24990.0,RUB,74.90879821777344,333.60567242514753
300,10,Apple Watch Series 3,От 17 990 pyб.,RU,Russia,Europe & Central Asia,Upper middle income,2022-01-02 21:52:41.098636,Apple Watch Series 3,17990.,17990.0,RUB,74.90879821777344,240.15870535927988
301,11,Спортивный ремешок,3900 pyб.,RU,Russia,Europe & Central Asia,Upper middle income,2022-01-02 21:52:41.098636,Sport Band,3900.,3900.0,RUB,74.90879821777344,52.06331022241198
302,12,iPad,От 30 990 pyб.,RU,Russia,Europe & Central Asia,Upper middle income,2022-01-02 21:52:41.098636,iPad,30990.,30990.0,RUB,74.90879821777344,413.7030727673198
303,13,iPad Pro,От 77 990 pyб.,RU,Russia,Europe & Central Asia,Upper middle income,2022-01-02 21:52:41.098636,iPad Pro,77990.,77990.0,RUB,74.90879821777344,1041.1327087810025
304,14,Apple Pencil (2‑го поколения),11 490 pyб.,RU,Russia,Europe & Central Asia,Upper middle income,2022-01-02 21:52:41.098636,Apple Pencil (2nd generation),11490.,11490.0,RUB,74.90879821777344,153.3865216552599
305,15,iMac 24 дюйма²,От 129 990 pyб.,RU,Russia,Europe & Central Asia,Upper middle income,2022-01-02 21:52:41.098636,24-inch iMac,129990.,129990.0,RUB,74.90879821777344,1735.3101784131622
306,16,MacBook Air,От 99 990 pyб.,RU,Russia,Europe & Central Asia,Upper middle income,2022-01-02 21:52:41.098636,MacBook Air,99990.,99990.0,RUB,74.90879821777344,1334.823176702301
307,17,Мышь Magic Mouse,7900 pyб.,RU,Russia,Europe & Central Asia,Upper middle income,2022-01-02 21:52:41.098636,Magic Mouse,7900.,7900.0,RUB,74.90879821777344,105.4615771171935
308,1,iPhone SE,Från 5 075 kr,SE,Sweden,Europe & Central Asia,High income,2022-01-02 21:52:42.128726,iPhone SE,5075,5075.0,SEK,9.08942985534668,558.3408509406925
309,2,iPhone 12,Från 7 395 kr,SE,Sweden,Europe & Central Asia,High income,2022-01-02 21:52:42.128726,iPhone 12,7395,7395.0,SEK,9.08942985534668,813.5823827992947
310,4,AirPods Pro,3 195 kr,SE,Sweden,Europe & Central Asia,High income,2022-01-02 21:52:42.128726,AirPods Pro,3195,3195.0,SEK,9.08942985534668,351.50719581389404
311,5,AirPods(andra generationen),1 595 kr,SE,Sweden,Europe & Central Asia,High income,2022-01-02 21:52:42.128726,AirPods(2nd generation),1595,1595.0,SEK,9.08942985534668,175.47855315278906
312,7,Apple TV 4K,1 995 kr,SE,Sweden,Europe & Central Asia,High income,2022-01-02 21:52:42.128726,Apple TV 4K,1995,1995.0,SEK,9.08942985534668,219.4857138180653
313,8,Apple Watch SE,Från 3 195 kr,SE,Sweden,Europe & Central Asia,High income,2022-01-02 21:52:42.128726,Apple Watch SE,3195,3195.0,SEK,9.08942985534668,351.50719581389404
314,9,Apple Watch Series 3,Från 2 295 kr,SE,Sweden,Europe & Central Asia,High income,2022-01-02 21:52:42.128726,Apple Watch Series 3,2295,2295.0,SEK,9.08942985534668,252.49108431702248
315,10,Sportband,495 kr,SE,Sweden,Europe & Central Asia,High income,2022-01-02 21:52:42.128726,Sport Band,495,495.0,SEK,9.08942985534668,54.45886132327936
316,11,iPad,Från 3 995 kr,SE,Sweden,Europe & Central Asia,High income,2022-01-02 21:52:42.128726,iPad,3995,3995.0,SEK,9.08942985534668,439.52151714444653
317,12,iPad Pro,Från 9 495 kr,SE,Sweden,Europe & Central Asia,High income,2022-01-02 21:52:42.128726,iPad Pro,9495,9495.0,SEK,9.08942985534668,1044.619976291995
318,13,Apple Pencil (andra generationen),1 495 kr,SE,Sweden,Europe & Central Asia,High income,2022-01-02 21:52:42.128726,Apple Pencil (2nd generation),1495,1495.0,SEK,9.08942985534668,164.47676298647
319,14,iMac 24 tum²,Från 15 995 kr,SE,Sweden,Europe & Central Asia,High income,2022-01-02 21:52:42.128726,24-inch iMac,15995,15995.0,SEK,9.08942985534668,1759.736337102734
320,15,MacBook Air,Från 12 495 kr,SE,Sweden,Europe & Central Asia,High income,2022-01-02 21:52:42.128726,MacBook Air,12495,12495.0,SEK,9.08942985534668,1374.6736812815668
321,16,Magic Mouse,895 kr,SE,Sweden,Europe & Central Asia,High income,2022-01-02 21:52:42.128726,Magic Mouse,895,895.0,SEK,9.08942985534668,98.46602198855561
322,1,iPhone SE,"เริ่มต้นที่ ฿14,900",TH,Thailand,East Asia & Pacific,Upper middle income,2022-01-02 21:52:44.257695,iPhone SE,"14,900",14900.0,THB,33.29800033569336,447.4743182709425
323,2,iPhone 12,"เริ่มต้นที่ ฿21,900",TH,Thailand,East Asia & Pacific,Upper middle income,2022-01-02 21:52:44.257695,iPhone 12,"21,900",21900.0,THB,33.29800033569336,657.6971523579624
324,4,AirPods Pro,"฿8,992",TH,Thailand,East Asia & Pacific,Upper middle income,2022-01-02 21:52:44.257695,AirPods Pro,"8,992",8992.0,THB,33.29800033569336,270.04624630149766
325,5,AirPods(รุ่นที่ 2),"฿4,990",TH,Thailand,East Asia & Pacific,Upper middle income,2022-01-02 21:52:44.257695,AirPods(2nd generation),"4,990",4990.0,THB,33.29800033569336,149.85884887060422
326,7,Apple TV 4K,"฿6,700",TH,Thailand,East Asia & Pacific,Upper middle income,2022-01-02 21:52:44.257695,Apple TV 4K,"6,700",6700.0,THB,33.29800033569336,201.2132840547191
327,8,Apple Watch SE,"เริ่มต้นที่ ฿9,900",TH,Thailand,East Asia & Pacific,Upper middle income,2022-01-02 21:52:44.257695,Apple Watch SE,"9,900",9900.0,THB,33.29800033569336,297.3151510659282
328,9,Apple Watch Series 3,"เริ่มต้นที่ ฿6,900",TH,Thailand,East Asia & Pacific,Upper middle income,2022-01-02 21:52:44.257695,Apple Watch Series 3,"6,900",6900.0,THB,33.29800033569336,207.21965074291967
329,10,สายแบบ Sport Band,"฿1,600",TH,Thailand,East Asia & Pacific,Upper middle income,2022-01-02 21:52:44.257695,Sport Band,"1,600",1600.0,THB,33.29800033569336,48.05093350560456
330,11,iPad,"เริ่มต้นที่ ฿11,400",TH,Thailand,East Asia & Pacific,Upper middle income,2022-01-02 21:52:44.257695,iPad,"11,400",11400.0,THB,33.29800033569336,342.36290122743253
331,12,iPad Pro,"เริ่มต้นที่ ฿27,900",TH,Thailand,East Asia & Pacific,Upper middle income,2022-01-02 21:52:44.257695,iPad Pro,"27,900",27900.0,THB,33.29800033569336,837.8881530039796
332,13,Apple Pencil (รุ่นที่ 2),"฿4,490",TH,Thailand,East Asia & Pacific,Upper middle income,2022-01-02 21:52:44.257695,Apple Pencil (2nd generation),"4,490",4490.0,THB,33.29800033569336,134.8429321501028
333,14,iMac รุ่น 24 นิ้ว²,"เริ่มต้นที่ ฿42,900",TH,Thailand,East Asia & Pacific,Upper middle income,2022-01-02 21:52:44.257695,24-inch iMac,"42,900",42900.0,THB,33.29800033569336,1288.3656546190223
334,15,MacBook Air,"เริ่มต้นที่ ฿32,900",TH,Thailand,East Asia & Pacific,Upper middle income,2022-01-02 21:52:44.257695,MacBook Air,"32,900",32900.0,THB,33.29800033569336,988.0473202089938
335,16,Magic Mouse,"฿2,490",TH,Thailand,East Asia & Pacific,Upper middle income,2022-01-02 21:52:44.257695,Magic Mouse,"2,490",2490.0,THB,33.29800033569336,74.7792652680971
336,1,iPhone SE,From $399 or $16.62/mo. per month for 24 mo.**,US,United States,North America,High income,2022-01-02 21:52:47.021744,iPhone SE,399,399.0,USD,1.0,399.0
337,2,iPhone 12,From $599 or $24.95/mo. per month for 24 mo.**,US,United States,North America,High income,2022-01-02 21:52:47.021744,iPhone 12,599,599.0,USD,1.0,599.0
338,4,AirPods Pro,$249 or $41.50/mo. per month for 6 mo.*,US,United States,North America,High income,2022-01-02 21:52:47.021744,AirPods Pro,249,249.0,USD,1.0,249.0
339,5,AirPods(2nd generation),$129 or $21.50/mo. per month for 6 mo.*,US,United States,North America,High income,2022-01-02 21:52:47.021744,AirPods(2nd generation),129,129.0,USD,1.0,129.0
340,7,Apple TV 4K,From $179.00 or $29.83/mo. per month for 6 mo.*,US,United States,North America,High income,2022-01-02 21:52:47.021744,Apple TV 4K,179.00,179.0,USD,1.0,179.0
341,8,Apple Watch SE,From $279 or $11.62/mo. per month for 24 mo.*,US,United States,North America,High income,2022-01-02 21:52:47.021744,Apple Watch SE,279,279.0,USD,1.0,279.0
342,9,Apple Watch Series 3,From $199 or $8.29/mo. per month for 24 mo.*,US,United States,North America,High income,2022-01-02 21:52:47.021744,Apple Watch Series 3,199,199.0,USD,1.0,199.0
343,10,Sport Band,$49 or $4.08/mo. per month for 12 mo.*,US,United States,North America,High income,2022-01-02 21:52:47.021744,Sport Band,49,49.0,USD,1.0,49.0
344,11,iPad,From $329 or $27.41/mo. per month for 12 mo.*,US,United States,North America,High income,2022-01-02 21:52:47.021744,iPad,329,329.0,USD,1.0,329.0
345,12,iPad Pro,From $799 or $66.58/mo. per month for 12 mo.*,US,United States,North America,High income,2022-01-02 21:52:47.021744,iPad Pro,799,799.0,USD,1.0,799.0
346,13,Apple Pencil (2nd generation),$129 or $10.75/mo. per month for 12 mo.*,US,United States,North America,High income,2022-01-02 21:52:47.021744,Apple Pencil (2nd generation),129,129.0,USD,1.0,129.0
347,14,24-inch iMac²,From $1299 or $108.25/mo. per month for 12 mo.*,US,United States,North America,High income,2022-01-02 21:52:47.021744,24-inch iMac,1299,1299.0,USD,1.0,1299.0
348,15,MacBook Air,From $999 or $83.25/mo. per month for 12 mo.*,US,United States,North America,High income,2022-01-02 21:52:47.021744,MacBook Air,999,999.0,USD,1.0,999.0
349,16,Magic Mouse,$79,US,United States,North America,High income,2022-01-02 21:52:47.021744,Magic Mouse,79,79.0,USD,1.0,79.0
